Ticker,Name,Sector,Market Value,Weight (%),Notional Value,Shares,Price,Currency
AAPL,APPLE INC,Information Technology,"19,741,977,277.52",6.62,"19,741,977,277.52","133,463,881.00",147.92,USD
MSFT,MICROSOFT CORP,Information Technology,"16,643,768,699.04",5.58,"16,643,768,699.04","66,532,494.00",250.16,USD
AMZN,AMAZON COM INC,Consumer Discretionary,"7,427,187,992.64",2.49,"7,427,187,992.64","79,214,889.00",93.76,USD
NVDA,NVIDIA CORP,Information Technology,"5,222,791,972.01",1.75,"5,222,791,972.01","22,223,701.00",235.01,USD
TSLA,TESLA INC,Consumer Discretionary,"4,973,980,542.66",1.67,"4,973,980,542.66","23,955,982.00",207.63,USD
BRKB,BERKSHIRE HATHAWAY INC CLASS B,Financials,"4,899,129,915.02",1.64,"4,899,129,915.02","16,080,647.00",304.66,USD
GOOGL,ALPHABET INC CLASS A,Communication,"4,790,983,450.11",1.61,"4,790,983,450.11","53,310,153.00",89.87,USD
GOOG,ALPHABET INC CLASS C,Communication,"4,257,877,594.30",1.43,"4,257,877,594.30","47,257,243.00",90.10,USD
XOM,EXXON MOBIL CORP,Energy,"4,063,433,064.90",1.36,"4,063,433,064.90","36,756,518.00",110.55,USD
UNH,UNITEDHEALTH GROUP INC,Health Care,"4,030,537,909.68",1.35,"4,030,537,909.68","8,339,274.00",483.32,USD
JPM,JPMORGAN CHASE & CO,Financials,"3,721,659,665.68",1.25,"3,721,659,665.68","26,179,373.00",142.16,USD
JNJ,JOHNSON & JOHNSON,Health Care,"3,631,592,433.92",1.22,"3,631,592,433.92","23,334,784.00",155.63,USD
META,META PLATFORMS INC CLASS A,Communication,"3,402,630,840.28",1.14,"3,402,630,840.28","20,069,782.00",169.54,USD
V,VISA INC CLASS A,Information Technology,"3,215,526,564.90",1.08,"3,215,526,564.90","14,592,814.00",220.35,USD
PG,PROCTER & GAMBLE,Consumer Staples,"2,942,812,808.82",0.99,"2,942,812,808.82","21,150,013.00",139.14,USD
HD,HOME DEPOT INC,Consumer Discretionary,"2,704,618,505.16",0.91,"2,704,618,505.16","9,136,916.00",296.01,USD
MA,MASTERCARD INC CLASS A,Information Technology,"2,693,287,821.36",0.90,"2,693,287,821.36","7,576,482.00",355.48,USD
CVX,CHEVRON CORP,Energy,"2,585,165,106.44",0.87,"2,585,165,106.44","15,877,442.00",162.82,USD
MRK,MERCK & CO INC,Health Care,"2,474,694,535.52",0.83,"2,474,694,535.52","22,628,882.00",109.36,USD
ABBV,ABBVIE INC,Health Care,"2,435,154,440.04",0.82,"2,435,154,440.04","15,783,993.00",154.28,USD
LLY,ELI LILLY,Health Care,"2,228,642,586.72",0.75,"2,228,642,586.72","7,038,856.00",316.62,USD
PEP,PEPSICO INC,Consumer Staples,"2,163,048,113.94",0.72,"2,163,048,113.94","12,296,334.00",175.91,USD
BAC,BANK OF AMERICA CORP,Financials,"2,131,058,274.51",0.71,"2,131,058,274.51","62,293,431.00",34.21,USD
AVGO,BROADCOM INC,Information Technology,"2,116,269,438.30",0.71,"2,116,269,438.30","3,614,774.00",585.45,USD
KO,COCA-COLA,Consumer Staples,"2,077,987,798.44",0.70,"2,077,987,798.44","34,737,342.00",59.82,USD
PFE,PFIZER INC,Health Care,"2,043,074,044.34",0.68,"2,043,074,044.34","50,099,903.00",40.78,USD
COST,COSTCO WHOLESALE CORP,Consumer Staples,"1,923,950,162.19",0.64,"1,923,950,162.19","3,950,373.00",487.03,USD
TMO,THERMO FISHER SCIENTIFIC INC,Health Care,"1,894,974,021.00",0.64,"1,894,974,021.00","3,500,460.00",541.35,USD
CSCO,CISCO SYSTEMS INC,Information Technology,"1,785,783,067.86",0.60,"1,785,783,067.86","36,646,482.00",48.73,USD
WMT,WALMART INC,Consumer Staples,"1,781,730,995.20",0.60,"1,781,730,995.20","12,597,080.00",141.44,USD
MCD,MCDONALDS CORP,Consumer Discretionary,"1,730,862,358.74",0.58,"1,730,862,358.74","6,536,983.00",264.78,USD
DIS,WALT DISNEY,Communication,"1,634,439,026.50",0.55,"1,634,439,026.50","16,271,170.00",100.45,USD
WFC,WELLS FARGO,Financials,"1,590,956,691.30",0.53,"1,590,956,691.30","34,009,335.00",46.78,USD
ABT,ABBOTT LABORATORIES,Health Care,"1,552,591,806.70",0.52,"1,552,591,806.70","15,561,710.00",99.77,USD
LIN,LINDE PLC,Materials,"1,520,010,421.44",0.51,"1,520,010,421.44","4,412,478.00",344.48,USD
ACN,ACCENTURE PLC CLASS A,Information Technology,"1,497,264,330.00",0.50,"1,497,264,330.00","5,623,528.00",266.25,USD
VZ,VERIZON COMMUNICATIONS INC,Communication,"1,457,381,885.76",0.49,"1,457,381,885.76","37,484,102.00",38.88,USD
CRM,SALESFORCE INC,Information Technology,"1,456,047,013.32",0.49,"1,456,047,013.32","8,925,138.00",163.14,USD
DHR,DANAHER CORP,Health Care,"1,449,872,004.15",0.49,"1,449,872,004.15","5,847,437.00",247.95,USD
CMCSA,COMCAST CORP CLASS A,Communication,"1,438,083,725.85",0.48,"1,438,083,725.85","38,502,911.00",37.35,USD
TXN,TEXAS INSTRUMENT INC,Information Technology,"1,383,042,490.16",0.46,"1,383,042,490.16","8,100,284.00",170.74,USD
PM,PHILIP MORRIS INTERNATIONAL INC,Consumer Staples,"1,358,267,750.58",0.46,"1,358,267,750.58","13,835,874.00",98.17,USD
ADBE,ADOBE INC,Information Technology,"1,337,401,086.72",0.45,"1,337,401,086.72","4,149,296.00",322.32,USD
NKE,NIKE INC CLASS B,Consumer Discretionary,"1,332,623,426.13",0.45,"1,332,623,426.13","11,242,921.00",118.53,USD
BMY,BRISTOL MYERS SQUIBB,Health Care,"1,328,152,496.82",0.45,"1,328,152,496.82","18,976,318.00",69.99,USD
RTX,RAYTHEON TECHNOLOGIES CORP,Industrials,"1,301,039,885.92",0.44,"1,301,039,885.92","13,120,612.00",99.16,USD
NFLX,NETFLIX INC,Communication,"1,283,036,073.37",0.43,"1,283,036,073.37","3,971,879.00",323.03,USD
NEE,NEXTERA ENERGY INC,Utilities,"1,274,498,468.44",0.43,"1,274,498,468.44","17,735,854.00",71.86,USD
QCOM,QUALCOMM INC,Information Technology,"1,234,831,540.14",0.41,"1,234,831,540.14","10,005,117.00",123.42,USD
T,AT&T INC,Communication,"1,210,493,885.04",0.41,"1,210,493,885.04","63,609,768.00",19.03,USD
ORCL,ORACLE CORP,Information Technology,"1,206,493,664.40",0.40,"1,206,493,664.40","13,716,390.00",87.96,USD
UPS,UNITED PARCEL SERVICE INC CLASS B,Industrials,"1,187,009,956.23",0.40,"1,187,009,956.23","6,513,801.00",182.23,USD
COP,CONOCOPHILLIPS,Energy,"1,177,308,439.92",0.39,"1,177,308,439.92","11,121,372.00",105.86,USD
UNP,UNION PACIFIC CORP,Industrials,"1,164,230,469.01",0.39,"1,164,230,469.01","5,487,253.00",212.17,USD
HON,HONEYWELL INTERNATIONAL INC,Industrials,"1,154,809,696.50",0.39,"1,154,809,696.50","6,000,570.00",192.45,USD
MS,MORGAN STANLEY,Financials,"1,137,763,690.40",0.38,"1,137,763,690.40","11,765,912.00",96.70,USD
AMD,ADVANCED MICRO DEVICES INC,Information Technology,"1,133,549,531.25",0.38,"1,133,549,531.25","14,390,625.00",78.77,USD
LOW,LOWES COMPANIES INC,Consumer Discretionary,"1,131,460,802.16",0.38,"1,131,460,802.16","5,539,859.00",204.24,USD
AMGN,AMGEN INC,Health Care,"1,116,514,904.85",0.37,"1,116,514,904.85","4,762,273.00",234.45,USD
CAT,CATERPILLAR INC,Industrials,"1,114,645,905.10",0.37,"1,114,645,905.10","4,644,745.00",239.98,USD
GS,GOLDMAN SACHS GROUP INC,Financials,"1,104,784,086.01",0.37,"1,104,784,086.01","3,022,417.00",365.53,USD
SCHW,CHARLES SCHWAB CORP,Financials,"1,060,237,058.76",0.36,"1,060,237,058.76","13,613,727.00",77.88,USD
IBM,INTERNATIONAL BUSINESS MACHINES CO,Information Technology,"1,052,991,925.78",0.35,"1,052,991,925.78","8,069,522.00",130.49,USD
SBUX,STARBUCKS CORP,Consumer Discretionary,"1,049,519,619.72",0.35,"1,049,519,619.72","10,245,213.00",102.44,USD
INTU,INTUIT INC,Information Technology,"1,038,064,031.94",0.35,"1,038,064,031.94","2,515,787.00",412.62,USD
DE,DEERE,Industrials,"1,033,571,554.73",0.35,"1,033,571,554.73","2,451,371.00",421.63,USD
ELV,ELEVANCE HEALTH INC,Health Care,"1,015,259,646.50",0.34,"1,015,259,646.50","2,131,555.00",476.30,USD
SPGI,S&P GLOBAL INC,Financials,"1,014,997,089.86",0.34,"1,014,997,089.86","2,972,086.00",341.51,USD
PLD,PROLOGIS REIT INC,Real Estate,"1,012,603,990.71",0.34,"1,012,603,990.71","8,238,581.00",122.91,USD
BA,BOEING,Industrials,"1,002,315,234.96",0.34,"1,002,315,234.96","5,000,076.00",200.46,USD
LMT,LOCKHEED MARTIN CORP,Industrials,"998,203,240.98",0.33,"998,203,240.98","2,081,802.00",479.49,USD
CVS,CVS HEALTH CORP,Health Care,"994,953,973.44",0.33,"994,953,973.44","11,727,416.00",84.84,USD
MDT,MEDTRONIC PLC,Health Care,"989,252,317.79",0.33,"989,252,317.79","11,862,961.00",83.39,USD
AXP,AMERICAN EXPRESS,Financials,"924,621,007.40",0.31,"924,621,007.40","5,335,378.00",173.30,USD
INTC,INTEL CORPORATION CORP,Information Technology,"917,172,825.00",0.31,"917,172,825.00","36,834,250.00",24.90,USD
BLK,BLACKROCK INC,Financials,"915,642,613.06",0.31,"915,642,613.06","1,340,501.00",683.06,USD
GILD,GILEAD SCIENCES INC,Health Care,"905,516,067.57",0.30,"905,516,067.57","11,194,413.00",80.89,USD
BKNG,BOOKING HOLDINGS INC,Consumer Discretionary,"872,843,275.44",0.29,"872,843,275.44","346,218.00","2,521.08",USD
C,CITIGROUP INC,Financials,"872,465,401.64",0.29,"872,465,401.64","17,286,812.00",50.47,USD
AMAT,APPLIED MATERIAL INC,Information Technology,"860,520,977.68",0.29,"860,520,977.68","7,678,424.00",112.07,USD
ADI,ANALOG DEVICES INC,Information Technology,"840,866,612.95",0.28,"840,866,612.95","4,590,635.00",183.17,USD
ADP,AUTOMATIC DATA PROCESSING INC,Information Technology,"820,453,169.60",0.27,"820,453,169.60","3,702,406.00",221.60,USD
GE,GENERAL ELECTRIC,Industrials,"817,629,143.04",0.27,"817,629,143.04","9,752,256.00",83.84,USD
AMT,AMERICAN TOWER REIT CORP,Real Estate,"810,683,031.52",0.27,"810,683,031.52","4,155,644.00",195.08,USD
CI,CIGNA,Health Care,"808,689,979.12",0.27,"808,689,979.12","2,728,742.00",296.36,USD
MDLZ,MONDELEZ INTERNATIONAL INC CLASS A,Consumer Staples,"800,046,969.84",0.27,"800,046,969.84","12,188,406.00",65.64,USD
TJX,TJX INC,Consumer Discretionary,"796,883,247.90",0.27,"796,883,247.90","10,362,591.00",76.90,USD
SYK,STRYKER CORP,Health Care,"789,449,901.48",0.26,"789,449,901.48","3,006,054.00",262.62,USD
CB,CHUBB LTD,Financials,"784,147,603.68",0.26,"784,147,603.68","3,704,401.00",211.68,USD
NOW,SERVICENOW INC,Information Technology,"772,650,853.06",0.26,"772,650,853.06","1,802,858.00",428.57,USD
TMUS,T MOBILE US INC,Communication,"768,219,962.37",0.26,"768,219,962.37","5,330,049.00",144.13,USD
PYPL,PAYPAL HOLDINGS INC,Information Technology,"750,608,569.68",0.25,"750,608,569.68","10,174,984.00",73.77,USD
MO,ALTRIA GROUP INC,Consumer Staples,"744,429,127.26",0.25,"744,429,127.26","15,995,469.00",46.54,USD
PGR,PROGRESSIVE CORP,Financials,"739,879,109.04",0.25,"739,879,109.04","5,221,816.00",141.69,USD
ISRG,INTUITIVE SURGICAL INC,Health Care,"730,918,388.30",0.24,"730,918,388.30","3,154,045.00",231.74,USD
REGN,REGENERON PHARMACEUTICALS INC,Health Care,"724,253,245.76",0.24,"724,253,245.76","955,744.00",757.79,USD
MMC,MARSH & MCLENNAN INC,Financials,"718,195,941.29",0.24,"718,195,941.29","4,427,023.00",162.23,USD
SLB,SCHLUMBERGER NV,Energy,"688,483,516.80",0.23,"688,483,516.80","12,655,947.00",54.40,USD
ZTS,ZOETIS INC CLASS A,Health Care,"688,309,695.75",0.23,"688,309,695.75","4,159,725.00",165.47,USD
TGT,TARGET CORP,Consumer Discretionary,"685,244,970.97",0.23,"685,244,970.97","4,107,937.00",166.81,USD
DUK,DUKE ENERGY CORP,Utilities,"658,499,543.13",0.22,"658,499,543.13","6,872,973.00",95.81,USD
VRTX,VERTEX PHARMACEUTICALS INC,Health Care,"658,449,207.00",0.22,"658,449,207.00","2,291,055.00",287.40,USD
FISV,FISERV INC,Information Technology,"650,152,420.32",0.22,"650,152,420.32","5,667,792.00",114.71,USD
SO,SOUTHERN,Utilities,"625,454,967.20",0.21,"625,454,967.20","9,716,560.00",64.37,USD
ETN,EATON PLC,Industrials,"618,963,030.66",0.21,"618,963,030.66","3,549,507.00",174.38,USD
NOC,NORTHROP GRUMMAN CORP,Industrials,"607,010,322.33",0.20,"607,010,322.33","1,291,319.00",470.07,USD
BDX,BECTON DICKINSON,Health Care,"602,994,493.18",0.20,"602,994,493.18","2,545,462.00",236.89,USD
EOG,EOG RESOURCES INC,Energy,"601,583,415.75",0.20,"601,583,415.75","5,242,557.00",114.75,USD
BSX,BOSTON SCIENTIFIC CORP,Health Care,"598,529,509.78",0.20,"598,529,509.78","12,783,629.00",46.82,USD
CME,CME GROUP INC CLASS A,Financials,"591,201,541.26",0.20,"591,201,541.26","3,210,609.00",184.14,USD
LRCX,LAM RESEARCH CORP,Information Technology,"587,583,091.89",0.20,"587,583,091.89","1,217,259.00",482.71,USD
ITW,ILLINOIS TOOL INC,Industrials,"580,823,196.00",0.19,"580,823,196.00","2,494,945.00",232.80,USD
CSX,CSX CORP,Industrials,"577,381,295.71",0.19,"577,381,295.71","18,764,423.00",30.77,USD
USB,US BANCORP,Financials,"574,182,498.24",0.19,"574,182,498.24","12,067,728.00",47.58,USD
EQIX,EQUINIX REIT INC,Real Estate,"572,548,540.00",0.19,"572,548,540.00","825,950.00",693.20,USD
HUM,HUMANA INC,Health Care,"572,302,103.43",0.19,"572,302,103.43","1,129,893.00",506.51,USD
PNC,PNC FINANCIAL SERVICES GROUP INC,Financials,"567,672,374.60",0.19,"567,672,374.60","3,599,698.00",157.70,USD
APD,AIR PRODUCTS AND CHEMICALS INC,Materials,"565,002,019.32",0.19,"565,002,019.32","1,979,546.00",285.42,USD
MU,MICRON TECHNOLOGY INC,Information Technology,"561,812,211.30",0.19,"561,812,211.30","9,703,147.00",57.90,USD
AON,AON PLC CLASS A,Financials,"558,628,646.63",0.19,"558,628,646.63","1,846,157.00",302.59,USD
TFC,TRUIST FINANCIAL CORP,Financials,"558,213,636.82",0.19,"558,213,636.82","11,841,613.00",47.14,USD
CL,COLGATE-PALMOLIVE,Consumer Staples,"548,647,299.20",0.18,"548,647,299.20","7,454,447.00",73.60,USD
MMM,3M,Industrials,"534,135,536.82",0.18,"534,135,536.82","4,933,366.00",108.27,USD
MPC,MARATHON PETROLEUM CORP,Energy,"529,470,595.94",0.18,"529,470,595.94","4,182,893.00",126.58,USD
FCX,FREEPORT MCMORAN INC,Materials,"511,684,032.09",0.17,"511,684,032.09","12,757,019.00",40.11,USD
CCI,CROWN CASTLE INC,Real Estate,"508,828,171.55",0.17,"508,828,171.55","3,865,007.00",131.65,USD
ICE,INTERCONTINENTAL EXCHANGE INC,Financials,"506,042,881.03",0.17,"506,042,881.03","4,985,153.00",101.51,USD
WM,WASTE MANAGEMENT INC,Industrials,"503,649,704.81",0.17,"503,649,704.81","3,333,883.00",151.07,USD
EL,ESTEE LAUDER INC CLASS A,Consumer Staples,"499,812,796.72",0.17,"499,812,796.72","2,064,148.00",242.14,USD
GM,GENERAL MOTORS,Consumer Discretionary,"498,449,935.18",0.17,"498,449,935.18","12,679,978.00",39.31,USD
SNPS,SYNOPSYS INC,Information Technology,"495,913,001.28",0.17,"495,913,001.28","1,364,798.00",363.36,USD
ATVI,ACTIVISION BLIZZARD INC,Communication,"487,787,833.80",0.16,"487,787,833.80","6,356,370.00",76.74,USD
KLAC,KLA CORP,Information Technology,"479,483,267.43",0.16,"479,483,267.43","1,264,827.00",379.09,USD
CDNS,CADENCE DESIGN SYSTEMS INC,Information Technology,"472,965,298.52",0.16,"472,965,298.52","2,448,314.00",193.18,USD
ORLY,OREILLY AUTOMOTIVE INC,Consumer Discretionary,"472,505,036.28",0.16,"472,505,036.28","558,543.00",845.96,USD
HCA,HCA HEALTHCARE INC,Health Care,"469,402,305.84",0.16,"469,402,305.84","1,892,446.00",248.04,USD
SHW,SHERWIN WILLIAMS,Materials,"467,123,776.20",0.16,"467,123,776.20","2,104,730.00",221.94,USD
NSC,NORFOLK SOUTHERN CORP,Industrials,"465,567,290.71",0.16,"465,567,290.71","2,066,341.00",225.31,USD
VLO,VALERO ENERGY CORP,Energy,"464,693,950.15",0.16,"464,693,950.15","3,440,903.00",135.05,USD
GD,GENERAL DYNAMICS CORP,Industrials,"463,379,461.74",0.16,"463,379,461.74","2,009,277.00",230.62,USD
USD,USD CASH,Cash and/or Derivatives,"450,824,466.16",0.15,"450,824,466.16","450,824,466.00",100.00,USD
MCK,MCKESSON CORP,Health Care,"449,695,780.35",0.15,"449,695,780.35","1,265,501.00",355.35,USD
PSX,PHILLIPS 66,Energy,"437,234,361.45",0.15,"437,234,361.45","4,218,373.00",103.65,USD
FDX,FEDEX CORP,Industrials,"436,018,471.02",0.15,"436,018,471.02","2,136,717.00",204.06,USD
AZO,AUTOZONE INC,Consumer Discretionary,"435,852,329.00",0.15,"435,852,329.00","169,444.00","2,572.25",USD
DG,DOLLAR GENERAL CORP,Consumer Discretionary,"435,063,541.10",0.15,"435,063,541.10","2,013,251.00",216.10,USD
SRE,SEMPRA,Utilities,"434,510,264.32",0.15,"434,510,264.32","2,805,464.00",154.88,USD
XTSLA,BLK CSH FND TREASURY SL AGENCY,Cash and/or Derivatives,"433,411,271.34",0.15,"433,411,271.34","433,411,271.00",1.00,USD
EMR,EMERSON ELECTRIC,Industrials,"433,282,585.80",0.15,"433,282,585.80","5,277,498.00",82.10,USD
GIS,GENERAL MILLS INC,Consumer Staples,"428,981,994.36",0.14,"428,981,994.36","5,297,382.00",80.98,USD
PXD,PIONEER NATURAL RESOURCE,Energy,"428,300,409.58",0.14,"428,300,409.58","2,120,614.00",201.97,USD
EW,EDWARDS LIFESCIENCES CORP,Health Care,"426,772,406.22",0.14,"426,772,406.22","5,518,133.00",77.34,USD
F,FORD MOTOR CO,Consumer Discretionary,"425,130,665.94",0.14,"425,130,665.94","35,251,299.00",12.06,USD
MET,METLIFE INC,Financials,"422,231,063.32",0.14,"422,231,063.32","5,882,294.00",71.78,USD
D,DOMINION ENERGY INC,Utilities,"418,933,251.25",0.14,"418,933,251.25","7,437,125.00",56.33,USD
PSA,PUBLIC STORAGE REIT,Real Estate,"416,522,650.58",0.14,"416,522,650.58","1,410,889.00",295.22,USD
AEP,AMERICAN ELECTRIC POWER INC,Utilities,"413,091,553.73",0.14,"413,091,553.73","4,586,339.00",90.07,USD
NXPI,NXP SEMICONDUCTORS NV,Information Technology,"411,079,382.62",0.14,"411,079,382.62","2,312,813.00",177.74,USD
APH,AMPHENOL CORP CLASS A,Information Technology,"408,756,878.40",0.14,"408,756,878.40","5,311,290.00",76.96,USD
MRNA,MODERNA INC,Health Care,"407,741,637.60",0.14,"407,741,637.60","2,948,880.00",138.27,USD
MCO,MOODYS CORP,Financials,"407,389,043.16",0.14,"407,389,043.16","1,406,196.00",289.71,USD
MAR,MARRIOTT INTERNATIONAL INC CLASS A,Consumer Discretionary,"407,297,892.19",0.14,"407,297,892.19","2,401,379.00",169.61,USD
ROP,ROPER TECHNOLOGIES INC,Information Technology,"406,069,922.28",0.14,"406,069,922.28","946,572.00",428.99,USD
AIG,AMERICAN INTERNATIONAL GROUP INC,Financials,"402,184,038.85",0.13,"402,184,038.85","6,631,229.00",60.65,USD
PH,PARKER-HANNIFIN CORP,Industrials,"401,657,089.60",0.13,"401,657,089.60","1,146,020.00",350.48,USD
ADM,ARCHER DANIELS MIDLAND,Consumer Staples,"398,069,373.84",0.13,"398,069,373.84","4,902,936.00",81.19,USD
CTVA,CORTEVA INC,Materials,"396,073,358.26",0.13,"396,073,358.26","6,376,966.00",62.11,USD
MCHP,MICROCHIP TECHNOLOGY INC,Information Technology,"395,755,114.90",0.13,"395,755,114.90","4,908,895.00",80.62,USD
MSI,MOTOROLA SOLUTIONS INC,Information Technology,"392,387,728.46",0.13,"392,387,728.46","1,492,309.00",262.94,USD
TRV,TRAVELERS COMPANIES INC,Financials,"387,636,969.32",0.13,"387,636,969.32","2,091,604.00",185.33,USD
JCI,JOHNSON CONTROLS INTERNATIONAL PLC,Industrials,"385,645,526.50",0.13,"385,645,526.50","6,146,725.00",62.74,USD
OXY,OCCIDENTAL PETROLEUM CORP,Energy,"382,634,303.92",0.13,"382,634,303.92","6,489,727.00",58.96,USD
DXCM,DEXCOM INC,Health Care,"381,214,155.48",0.13,"381,214,155.48","3,447,406.00",110.58,USD
KMB,KIMBERLY CLARK CORP,Consumer Staples,"380,282,927.50",0.13,"380,282,927.50","3,012,142.00",126.25,USD
ADSK,AUTODESK INC,Information Technology,"378,919,951.08",0.13,"378,919,951.08","1,926,581.00",196.68,USD
TT,TRANE TECHNOLOGIES PLC,Industrials,"378,806,252.10",0.13,"378,806,252.10","2,055,490.00",184.29,USD
NUE,NUCOR CORP,Materials,"376,157,501.52",0.13,"376,157,501.52","2,289,734.00",164.28,USD
A,AGILENT TECHNOLOGIES INC,Health Care,"375,669,559.98",0.13,"375,669,559.98","2,642,211.00",142.18,USD
MSCI,MSCI INC,Financials,"375,212,682.43",0.13,"375,212,682.43","713,617.00",525.79,USD
COF,CAPITAL ONE FINANCIAL CORP,Financials,"371,437,298.32",0.12,"371,437,298.32","3,406,744.00",109.03,USD
CMG,CHIPOTLE MEXICAN GRILL INC,Consumer Discretionary,"369,756,307.50",0.12,"369,756,307.50","247,370.00","1,494.75",USD
EXC,EXELON CORP,Utilities,"367,455,554.73",0.12,"367,455,554.73","8,869,311.00",41.43,USD
O,REALTY INCOME REIT CORP,Real Estate,"362,490,149.64",0.12,"362,490,149.64","5,597,439.00",64.76,USD
TEL,TE CONNECTIVITY LTD,Information Technology,"361,113,168.00",0.12,"361,113,168.00","2,838,940.00",127.20,USD
CHTR,CHARTER COMMUNICATIONS INC CLASS A,Communication,"359,562,685.30",0.12,"359,562,685.30","958,706.00",375.05,USD
LHX,L3HARRIS TECHNOLOGIES INC,Industrials,"358,055,152.00",0.12,"358,055,152.00","1,699,360.00",210.70,USD
DOW,DOW INC,Materials,"357,961,598.70",0.12,"357,961,598.70","6,281,130.00",56.99,USD
SPG,SIMON PROPERTY GROUP REIT INC,Real Estate,"357,495,450.92",0.12,"357,495,450.92","2,918,092.00",122.51,USD
CNC,CENTENE CORP,Health Care,"354,235,911.35",0.12,"354,235,911.35","5,054,015.00",70.09,USD
ECL,ECOLAB INC,Materials,"353,336,718.72",0.12,"353,336,718.72","2,211,672.00",159.76,USD
HLT,HILTON WORLDWIDE HOLDINGS INC,Consumer Discretionary,"350,222,159.43",0.12,"350,222,159.43","2,413,827.00",145.09,USD
AJG,ARTHUR J GALLAGHER,Financials,"347,942,046.50",0.12,"347,942,046.50","1,881,785.00",184.90,USD
MNST,MONSTER BEVERAGE CORP,Consumer Staples,"347,818,217.76",0.12,"347,818,217.76","3,399,318.00",102.32,USD
IQV,IQVIA HOLDINGS INC,Health Care,"346,273,535.44",0.12,"346,273,535.44","1,657,763.00",208.88,USD
IDXX,IDEXX LABORATORIES INC,Health Care,"346,082,401.44",0.12,"346,082,401.44","739,208.00",468.18,USD
BIIB,BIOGEN INC,Health Care,"345,986,877.20",0.12,"345,986,877.20","1,285,241.00",269.20,USD
FTNT,FORTINET INC,Information Technology,"345,043,059.02",0.12,"345,043,059.02","5,787,371.00",59.62,USD
AFL,AFLAC INC,Financials,"344,570,574.59",0.12,"344,570,574.59","5,050,133.00",68.23,USD
TDG,TRANSDIGM GROUP INC,Industrials,"344,572,327.20",0.12,"344,572,327.20","461,028.00",747.40,USD
HES,HESS CORP,Energy,"343,938,542.08",0.12,"343,938,542.08","2,476,516.00",138.88,USD
ROST,ROSS STORES INC,Consumer Discretionary,"343,590,561.56",0.12,"343,590,561.56","3,097,643.00",110.92,USD
SYY,SYSCO CORP,Consumer Staples,"342,389,358.90",0.11,"342,389,358.90","4,522,977.00",75.70,USD
FIS,FIDELITY NATIONAL INFORMATION SERV,Information Technology,"341,696,113.44",0.11,"341,696,113.44","5,295,972.00",64.52,USD
CTAS,CINTAS CORP,Industrials,"336,266,916.54",0.11,"336,266,916.54","770,318.00",436.53,USD
PCAR,PACCAR INC,Industrials,"335,730,386.99",0.11,"335,730,386.99","4,655,809.00",72.11,USD
CARR,CARRIER GLOBAL CORP,Industrials,"335,570,739.52",0.11,"335,570,739.52","7,463,762.00",44.96,USD
WMB,WILLIAMS INC,Energy,"333,735,309.90",0.11,"333,735,309.90","10,870,857.00",30.70,USD
BK,BANK OF NEW YORK MELLON CORP,Financials,"333,751,025.72",0.11,"333,751,025.72","6,564,733.00",50.84,USD
STZ,CONSTELLATION BRANDS INC CLASS A,Consumer Staples,"325,536,938.63",0.11,"325,536,938.63","1,448,827.00",224.69,USD
PRU,PRUDENTIAL FINANCIAL INC,Financials,"325,259,875.74",0.11,"325,259,875.74","3,284,458.00",99.03,USD
DD,DUPONT DE NEMOURS INC,Materials,"323,808,958.51",0.11,"323,808,958.51","4,433,917.00",73.03,USD
AMP,AMERIPRISE FINANCE INC,Financials,"322,763,040.00",0.11,"322,763,040.00","949,750.00",339.84,USD
XEL,XCEL ENERGY INC,Utilities,"319,432,696.80",0.11,"319,432,696.80","4,884,292.00",65.40,USD
YUM,YUM BRANDS INC,Consumer Discretionary,"318,216,218.64",0.11,"318,216,218.64","2,514,152.00",126.57,USD
DVN,DEVON ENERGY CORP,Energy,"318,088,871.04",0.11,"318,088,871.04","5,834,352.00",54.52,USD
PAYX,PAYCHEX INC,Information Technology,"317,738,842.30",0.11,"317,738,842.30","2,862,770.00",110.99,USD
WBD,WARNER BROS. DISCOVERY INC SERIES,Communication,"314,387,505.14",0.11,"314,387,505.14","19,723,181.00",15.94,USD
HSY,HERSHEY FOODS,Consumer Staples,"313,786,787.76",0.11,"313,786,787.76","1,311,708.00",239.22,USD
WELL,WELLTOWER,Real Estate,"313,224,515.52",0.10,"313,224,515.52","4,217,376.00",74.27,USD
OTIS,OTIS WORLDWIDE CORP,Industrials,"312,320,484.00",0.10,"312,320,484.00","3,718,101.00",84.00,USD
NEM,NEWMONT,Materials,"307,033,605.34",0.10,"307,033,605.34","7,084,301.00",43.34,USD
KMI,KINDER MORGAN INC,Energy,"306,475,644.72",0.10,"306,475,644.72","17,654,127.00",17.36,USD
CMI,CUMMINS INC,Industrials,"306,110,003.20",0.10,"306,110,003.20","1,258,676.00",243.20,USD
ALL,ALLSTATE CORP,Financials,"305,237,287.10",0.10,"305,237,287.10","2,367,098.00",128.95,USD
ANET,ARISTA NETWORKS INC,Information Technology,"304,855,800.00",0.10,"304,855,800.00","2,209,100.00",138.00,USD
ROK,ROCKWELL AUTOMATION INC,Industrials,"301,739,740.74",0.10,"301,739,740.74","1,024,966.00",294.39,USD
HAL,HALLIBURTON,Energy,"301,323,302.28",0.10,"301,323,302.28","8,104,446.00",37.18,USD
ON,ON SEMICONDUCTOR CORP,Information Technology,"299,999,401.38",0.10,"299,999,401.38","3,859,506.00",77.73,USD
CTSH,COGNIZANT TECHNOLOGY SOLUTIONS COR,Information Technology,"291,265,038.50",0.10,"291,265,038.50","4,586,851.00",63.50,USD
STT,STATE STREET CORP,Financials,"290,855,947.16",0.10,"290,855,947.16","3,275,036.00",88.81,USD
AME,AMETEK INC,Industrials,"289,729,194.15",0.10,"289,729,194.15","2,049,729.00",141.35,USD
VICI,VICI PPTYS INC,Real Estate,"289,505,735.68",0.10,"289,505,735.68","8,595,776.00",33.68,USD
ED,CONSOLIDATED EDISON INC,Utilities,"287,742,300.40",0.10,"287,742,300.40","3,167,224.00",90.85,USD
URI,UNITED RENTALS INC,Industrials,"286,586,533.80",0.10,"286,586,533.80","618,630.00",463.26,USD
MTD,METTLER TOLEDO INC,Health Care,"284,902,157.49",0.10,"284,902,157.49","199,011.00","1,431.59",USD
KHC,KRAFT HEINZ,Consumer Staples,"281,833,795.68",0.09,"281,833,795.68","7,106,248.00",39.66,USD
APTV,APTIV PLC,Consumer Discretionary,"281,220,618.30",0.09,"281,220,618.30","2,418,270.00",116.29,USD
BKR,BAKER HUGHES CLASS A,Energy,"277,445,918.40",0.09,"277,445,918.40","8,938,335.00",31.04,USD
RMD,RESMED INC,Health Care,"277,013,332.05",0.09,"277,013,332.05","1,307,345.00",211.89,USD
ODFL,OLD DOMINION FREIGHT LINE INC,Industrials,"276,854,499.66",0.09,"276,854,499.66","808,594.00",342.39,USD
ILMN,ILLUMINA INC,Health Care,"276,434,210.80",0.09,"276,434,210.80","1,403,932.00",196.90,USD
PPG,PPG INDUSTRIES INC,Materials,"276,079,086.66",0.09,"276,079,086.66","2,097,706.00",131.61,USD
GPN,GLOBAL PAYMENTS INC,Information Technology,"274,009,715.28",0.09,"274,009,715.28","2,413,332.00",113.54,USD
PEG,PUBLIC SERVICE ENTERPRISE GROUP IN,Utilities,"273,963,201.76",0.09,"273,963,201.76","4,453,238.00",61.52,USD
DFS,DISCOVER FINANCIAL SERVICES,Financials,"271,784,310.45",0.09,"271,784,310.45","2,438,621.00",111.45,USD
OKE,ONEOK INC,Energy,"271,023,326.58",0.09,"271,023,326.58","3,989,157.00",67.94,USD
GWW,WW GRAINGER INC,Industrials,"270,926,027.20",0.09,"270,926,027.20","401,360.00",675.02,USD
DLTR,DOLLAR TREE INC,Consumer Discretionary,"270,209,349.02",0.09,"270,209,349.02","1,878,737.00",143.82,USD
DLR,DIGITAL REALTY TRUST REIT INC,Real Estate,"269,139,699.84",0.09,"269,139,699.84","2,566,168.00",104.88,USD
ALB,ALBEMARLE CORP,Materials,"268,743,453.26",0.09,"268,743,453.26","1,045,613.00",257.02,USD
KDP,KEURIG DR PEPPER INC,Consumer Staples,"268,251,633.09",0.09,"268,251,633.09","7,584,157.00",35.37,USD
CPRT,COPART INC,Industrials,"267,573,633.36",0.09,"267,573,633.36","3,824,666.00",69.96,USD
FAST,FASTENAL,Industrials,"263,626,716.69",0.09,"263,626,716.69","5,112,017.00",51.57,USD
EA,ELECTRONIC ARTS INC,Communication,"260,043,249.06",0.09,"260,043,249.06","2,340,834.00",111.09,USD
CSGP,COSTAR GROUP INC,Industrials,"257,315,600.43",0.09,"257,315,600.43","3,629,787.00",70.89,USD
KEYS,KEYSIGHT TECHNOLOGIES INC,Information Technology,"257,286,158.33",0.09,"257,286,158.33","1,595,771.00",161.23,USD
ENPH,ENPHASE ENERGY INC,Information Technology,"255,711,972.60",0.09,"255,711,972.60","1,213,170.00",210.78,USD
DHI,D R HORTON INC,Consumer Discretionary,"255,583,078.87",0.09,"255,583,078.87","2,793,563.00",91.49,USD
WEC,WEC ENERGY GROUP INC,Utilities,"253,495,644.68",0.08,"253,495,644.68","2,815,367.00",90.04,USD
KR,KROGER,Consumer Staples,"252,374,627.04",0.08,"252,374,627.04","5,813,744.00",43.41,USD
SBAC,SBA COMMUNICATIONS REIT CORP CLASS,Real Estate,"250,430,023.70",0.08,"250,430,023.70","963,563.00",259.90,USD
GEHC,GE HEALTHCARE TECHNOLOGIES,Health Care,"247,184,368.60",0.08,"247,184,368.60","3,250,715.00",76.04,USD
CDW,CDW CORP,Information Technology,"244,721,117.60",0.08,"244,721,117.60","1,208,380.00",202.52,USD
CBRE,CBRE GROUP INC CLASS A,Real Estate,"240,225,832.77",0.08,"240,225,832.77","2,819,883.00",85.19,USD
VRSK,VERISK ANALYTICS INC,Industrials,"240,070,349.61",0.08,"240,070,349.61","1,395,839.00",171.99,USD
ES,EVERSOURCE ENERGY,Utilities,"239,651,147.71",0.08,"239,651,147.71","3,108,719.00",77.09,USD
ULTA,ULTA BEAUTY INC,Consumer Discretionary,"239,140,758.55",0.08,"239,140,758.55","457,117.00",523.15,USD
MTB,M&T BANK CORP,Financials,"238,903,788.33",0.08,"238,903,788.33","1,540,619.00",155.07,USD
RSG,REPUBLIC SERVICES INC,Industrials,"236,942,651.00",0.08,"236,942,651.00","1,833,212.00",129.25,USD
GLW,CORNING INC,Information Technology,"233,105,673.93",0.08,"233,105,673.93","6,794,103.00",34.31,USD
HPQ,HP INC,Information Technology,"232,204,629.56",0.08,"232,204,629.56","7,900,804.00",29.39,USD
EIX,EDISON INTERNATIONAL,Utilities,"232,209,250.38",0.08,"232,209,250.38","3,408,326.00",68.13,USD
TSCO,TRACTOR SUPPLY,Consumer Discretionary,"231,125,474.72",0.08,"231,125,474.72","985,904.00",234.43,USD
IT,GARTNER INC,Information Technology,"230,917,006.53",0.08,"230,917,006.53","705,327.00",327.39,USD
ZBH,ZIMMER BIOMET HOLDINGS INC,Health Care,"230,942,133.00",0.08,"230,942,133.00","1,873,010.00",123.30,USD
ANSS,ANSYS INC,Information Technology,"229,890,312.96",0.08,"229,890,312.96","777,497.00",295.68,USD
CEG,CONSTELLATION ENERGY CORP,Utilities,"228,741,653.80",0.08,"228,741,653.80","2,918,740.00",78.37,USD
WTW,WILLIS TOWERS WATSON PLC,Financials,"228,577,522.82",0.08,"228,577,522.82","966,011.00",236.62,USD
ACGL,ARCH CAPITAL GROUP LTD,Financials,"228,474,944.64",0.08,"228,474,944.64","3,301,184.00",69.21,USD
AWK,AMERICAN WATER WORKS INC,Utilities,"226,836,801.14",0.08,"226,836,801.14","1,622,813.00",139.78,USD
FANG,DIAMONDBACK ENERGY INC,Energy,"226,766,751.12",0.08,"226,766,751.12","1,570,842.00",144.36,USD
WBA,WALGREEN BOOTS ALLIANCE INC,Consumer Staples,"226,723,946.99",0.08,"226,723,946.99","6,406,441.00",35.39,USD
ABC,AMERISOURCEBERGEN CORP,Health Care,"226,398,640.68",0.08,"226,398,640.68","1,445,436.00",156.63,USD
PCG,PG&E CORP,Utilities,"226,325,736.00",0.08,"226,325,736.00","14,369,888.00",15.75,USD
GPC,GENUINE PARTS,Consumer Discretionary,"224,375,974.24",0.08,"224,375,974.24","1,258,136.00",178.34,USD
TROW,T ROWE PRICE GROUP INC,Financials,"222,205,145.90",0.07,"222,205,145.90","1,991,978.00",111.55,USD
EBAY,EBAY INC,Consumer Discretionary,"221,825,933.80",0.07,"221,825,933.80","4,843,361.00",45.80,USD
HIG,HARTFORD FINANCIAL SERVICES GROUP,Financials,"220,995,699.68",0.07,"220,995,699.68","2,839,102.00",77.84,USD
FITB,FIFTH THIRD BANCORP,Financials,"220,973,116.10",0.07,"220,973,116.10","6,126,230.00",36.07,USD
EFX,EQUIFAX INC,Industrials,"218,230,018.36",0.07,"218,230,018.36","1,092,844.00",199.69,USD
LEN,LENNAR A CORP,Consumer Discretionary,"218,063,941.20",0.07,"218,063,941.20","2,273,868.00",95.90,USD
LYB,LYONDELLBASELL INDUSTRIES NV CLASS,Materials,"217,187,473.36",0.07,"217,187,473.36","2,266,856.00",95.81,USD
DAL,DELTA AIR LINES INC,Industrials,"216,548,405.92",0.07,"216,548,405.92","5,722,738.00",37.84,USD
AVB,AVALONBAY COMMUNITIES REIT INC,Real Estate,"216,300,707.64",0.07,"216,300,707.64","1,248,561.00",173.24,USD
VMC,VULCAN MATERIALS,Materials,"215,413,498.17",0.07,"215,413,498.17","1,186,263.00",181.59,USD
IFF,INTERNATIONAL FLAVORS & FRAGRANCES,Materials,"215,114,358.60",0.07,"215,114,358.60","2,275,620.00",94.53,USD
IR,INGERSOLL RAND INC,Industrials,"210,987,480.06",0.07,"210,987,480.06","3,614,037.00",58.38,USD
FTV,FORTIVE CORP,Industrials,"210,375,700.52",0.07,"210,375,700.52","3,157,846.00",66.62,USD
PWR,QUANTA SERVICES INC,Industrials,"207,772,271.10",0.07,"207,772,271.10","1,275,459.00",162.90,USD
WST,WEST PHARMACEUTICAL SERVICES INC,Health Care,"206,798,647.68",0.07,"206,798,647.68","660,783.00",312.96,USD
WY,WEYERHAEUSER REIT,Real Estate,"202,956,391.20",0.07,"202,956,391.20","6,568,168.00",30.90,USD
ARE,ALEXANDRIA REAL ESTATE EQUITIES RE,Real Estate,"201,947,819.25",0.07,"201,947,819.25","1,332,725.00",151.53,USD
MLM,MARTIN MARIETTA MATERIALS INC,Materials,"199,472,988.96",0.07,"199,472,988.96","554,184.00",359.94,USD
FRC,FIRST REPUBLIC BANK,Financials,"199,022,716.80",0.07,"199,022,716.80","1,632,672.00",121.90,USD
ALGN,ALIGN TECHNOLOGY INC,Health Care,"197,530,099.20",0.07,"197,530,099.20","648,405.00",304.64,USD
HBAN,HUNTINGTON BANCSHARES INC,Financials,"197,141,970.80",0.07,"197,141,970.80","12,876,680.00",15.31,USD
RF,REGIONS FINANCIAL CORP,Financials,"194,075,197.42",0.07,"194,075,197.42","8,340,146.00",23.27,USD
AEE,AMEREN CORP,Utilities,"193,591,447.30",0.06,"193,591,447.30","2,307,407.00",83.90,USD
MPWR,MONOLITHIC POWER SYSTEMS INC,Information Technology,"193,522,727.32",0.06,"193,522,727.32","397,982.00",486.26,USD
FE,FIRSTENERGY CORP,Utilities,"193,475,897.55",0.06,"193,475,897.55","4,847,805.00",39.91,USD
EXR,EXTRA SPACE STORAGE REIT INC,Real Estate,"193,492,250.16",0.06,"193,492,250.16","1,195,282.00",161.88,USD
DTE,DTE ENERGY,Utilities,"192,870,506.40",0.06,"192,870,506.40","1,729,160.00",111.54,USD
ETR,ENTERGY CORP,Utilities,"192,650,508.96",0.06,"192,650,508.96","1,816,087.00",106.08,USD
EQR,EQUITY RESIDENTIAL REIT,Real Estate,"190,673,824.44",0.06,"190,673,824.44","3,035,724.00",62.81,USD
LH,LABORATORY CORPORATION OF AMERICA,Health Care,"190,297,837.90",0.06,"190,297,837.90","790,766.00",240.65,USD
DOV,DOVER CORP,Industrials,"187,900,800.00",0.06,"187,900,800.00","1,252,672.00",150.00,USD
RJF,RAYMOND JAMES INC,Financials,"185,962,468.22",0.06,"185,962,468.22","1,727,794.00",107.63,USD
CFG,CITIZENS FINANCIAL GROUP INC,Financials,"183,516,508.75",0.06,"183,516,508.75","4,395,605.00",41.75,USD
CHD,CHURCH AND DWIGHT INC,Consumer Staples,"182,568,091.32",0.06,"182,568,091.32","2,176,539.00",83.88,USD
PFG,PRINCIPAL FINANCIAL GROUP INC,Financials,"182,200,065.72",0.06,"182,200,065.72","2,054,579.00",88.68,USD
STLD,STEEL DYNAMICS INC,Materials,"181,343,236.70",0.06,"181,343,236.70","1,494,505.00",121.34,USD
CAH,CARDINAL HEALTH INC,Health Care,"181,104,875.14",0.06,"181,104,875.14","2,339,554.00",77.41,USD
PPL,PPL CORP,Utilities,"181,052,318.60",0.06,"181,052,318.60","6,571,772.00",27.55,USD
TDY,TELEDYNE TECHNOLOGIES INC,Information Technology,"179,941,756.62",0.06,"179,941,756.62","418,333.00",430.14,USD
HPE,HEWLETT PACKARD ENTERPRISE,Information Technology,"179,610,244.84",0.06,"179,610,244.84","11,484,031.00",15.64,USD
BAX,BAXTER INTERNATIONAL INC,Health Care,"179,166,068.18",0.06,"179,166,068.18","4,499,399.00",39.82,USD
HOLX,HOLOGIC INC,Health Care,"178,859,139.13",0.06,"178,859,139.13","2,228,219.00",80.27,USD
CTRA,COTERRA ENERGY INC,Energy,"178,604,948.16",0.06,"178,604,948.16","7,037,232.00",25.38,USD
LUV,SOUTHWEST AIRLINES,Industrials,"177,739,326.96",0.06,"177,739,326.96","5,299,324.00",33.54,USD
VTR,VENTAS REIT INC,Real Estate,"175,986,896.19",0.06,"175,986,896.19","3,567,543.00",49.33,USD
NTRS,NORTHERN TRUST CORP,Financials,"175,314,519.25",0.06,"175,314,519.25","1,860,101.00",94.25,USD
CLX,CLOROX,Consumer Staples,"170,753,002.36",0.06,"170,753,002.36","1,101,206.00",155.06,USD
NDAQ,NASDAQ INC,Financials,"170,483,544.00",0.06,"170,483,544.00","3,025,440.00",56.35,USD
CINF,CINCINNATI FINANCIAL CORP,Financials,"169,721,511.22",0.06,"169,721,511.22","1,402,889.00",120.98,USD
WAB,WESTINGHOUSE AIR BRAKE TECHNOLOGIE,Industrials,"169,167,090.06",0.06,"169,167,090.06","1,623,173.00",104.22,USD
STE,STERIS,Health Care,"167,783,761.99",0.06,"167,783,761.99","890,903.00",188.33,USD
MKC,MCCORMICK & CO NON-VOTING INC,Consumer Staples,"167,769,991.35",0.06,"167,769,991.35","2,236,635.00",75.01,USD
MAA,MID AMERICA APARTMENT COMMUNITIES,Real Estate,"166,419,701.38",0.06,"166,419,701.38","1,030,654.00",161.47,USD
OMC,OMNICOM GROUP INC,Communication,"165,653,942.46",0.06,"165,653,942.46","1,819,973.00",91.02,USD
XYL,XYLEM INC,Industrials,"164,950,034.20",0.06,"164,950,034.20","1,608,484.00",102.55,USD
WAT,WATERS CORP,Health Care,"164,389,408.80",0.06,"164,389,408.80","530,220.00",310.04,USD
LVS,LAS VEGAS SANDS CORP,Consumer Discretionary,"164,294,111.52",0.06,"164,294,111.52","2,932,776.00",56.02,USD
VRSN,VERISIGN INC,Information Technology,"163,227,466.76",0.05,"163,227,466.76","823,217.00",198.28,USD
INVH,INVITATION HOMES INC,Real Estate,"162,418,166.30",0.05,"162,418,166.30","5,184,110.00",31.33,USD
MOS,MOSAIC,Materials,"161,118,594.00",0.05,"161,118,594.00","3,039,400.00",53.01,USD
EPAM,EPAM SYSTEMS INC,Information Technology,"160,607,306.72",0.05,"160,607,306.72","513,352.00",312.86,USD
CNP,CENTERPOINT ENERGY INC,Utilities,"159,965,698.62",0.05,"159,965,698.62","5,618,746.00",28.47,USD
SWKS,SKYWORKS SOLUTIONS INC,Information Technology,"159,413,802.24",0.05,"159,413,802.24","1,432,032.00",111.32,USD
CAG,CONAGRA BRANDS INC,Consumer Staples,"157,241,561.68",0.05,"157,241,561.68","4,277,518.00",36.76,USD
BALL,BALL CORP,Materials,"157,187,599.80",0.05,"157,187,599.80","2,801,918.00",56.10,USD
SEDG,SOLAREDGE TECHNOLOGIES INC,Information Technology,"156,517,678.76",0.05,"156,517,678.76","499,052.00",313.63,USD
TSN,TYSON FOODS INC CLASS A,Consumer Staples,"156,153,929.82",0.05,"156,153,929.82","2,584,902.00",60.41,USD
DRI,DARDEN RESTAURANTS INC,Consumer Discretionary,"155,844,290.47",0.05,"155,844,290.47","1,092,341.00",142.67,USD
TTWO,TAKE TWO INTERACTIVE SOFTWARE INC,Communication,"154,998,584.32",0.05,"154,998,584.32","1,408,054.00",110.08,USD
CMS,CMS ENERGY CORP,Utilities,"154,658,760.30",0.05,"154,658,760.30","2,590,599.00",59.70,USD
K,KELLOGG,Consumer Staples,"154,228,485.28",0.05,"154,228,485.28","2,284,528.00",67.51,USD
TRGP,TARGA RESOURCES CORP,Energy,"152,070,657.04",0.05,"152,070,657.04","2,020,604.00",75.26,USD
IEX,IDEX CORP,Industrials,"151,613,599.60",0.05,"151,613,599.60","673,180.00",225.22,USD
SIVB,SVB FINANCIAL GROUP,Financials,"150,841,513.71",0.05,"150,841,513.71","527,547.00",285.93,USD
KEY,KEYCORP,Financials,"150,716,473.70",0.05,"150,716,473.70","8,326,877.00",18.10,USD
AMCR,AMCOR PLC,Materials,"150,381,832.37",0.05,"150,381,832.37","13,272,889.00",11.33,USD
EXPD,EXPEDITORS INTERNATIONAL OF WASHIN,Industrials,"150,250,229.34",0.05,"150,250,229.34","1,420,403.00",105.78,USD
CF,CF INDUSTRIES HOLDINGS INC,Materials,"149,359,165.68",0.05,"149,359,165.68","1,751,192.00",85.29,USD
MOH,MOLINA HEALTHCARE INC,Health Care,"149,011,585.80",0.05,"149,011,585.80","521,220.00",285.89,USD
AES,AES CORP,Utilities,"148,325,553.44",0.05,"148,325,553.44","5,961,638.00",24.88,USD
UAL,UNITED AIRLINES HOLDINGS INC,Industrials,"147,798,764.10",0.05,"147,798,764.10","2,915,163.00",50.70,USD
BBY,BEST BUY CO INC,Consumer Discretionary,"147,784,168.15",0.05,"147,784,168.15","1,788,505.00",82.63,USD
BR,BROADRIDGE FINANCIAL SOLUTIONS INC,Information Technology,"147,617,837.85",0.05,"147,617,837.85","1,050,287.00",140.55,USD
FSLR,FIRST SOLAR INC,Information Technology,"147,006,851.67",0.05,"147,006,851.67","884,997.00",166.11,USD
MRO,MARATHON OIL CORP,Energy,"146,434,712.76",0.05,"146,434,712.76","5,669,172.00",25.83,USD
COO,COOPER INC,Health Care,"146,401,411.00",0.05,"146,401,411.00","440,570.00",332.30,USD
FMC,FMC CORP,Materials,"145,315,255.54",0.05,"145,315,255.54","1,124,557.00",129.22,USD
EXPE,EXPEDIA GROUP INC,Consumer Discretionary,"143,631,742.92",0.05,"143,631,742.92","1,344,363.00",106.84,USD
ATO,ATMOS ENERGY CORP,Utilities,"143,494,818.30",0.05,"143,494,818.30","1,248,867.00",114.90,USD
FDS,FACTSET RESEARCH SYSTEMS INC,Financials,"142,606,091.76",0.05,"142,606,091.76","339,603.00",419.92,USD
SYF,SYNCHRONY FINANCIAL,Financials,"142,626,575.00",0.05,"142,626,575.00","4,017,650.00",35.50,USD
RCL,ROYAL CARIBBEAN GROUP LTD,Consumer Discretionary,"141,002,595.28",0.05,"141,002,595.28","1,957,282.00",72.04,USD
DGX,QUEST DIAGNOSTICS INC,Health Care,"140,957,457.54",0.05,"140,957,457.54","1,016,569.00",138.66,USD
SJM,JM SMUCKER,Consumer Staples,"140,824,751.98",0.05,"140,824,751.98","951,133.00",148.06,USD
TER,TERADYNE INC,Information Technology,"140,417,060.57",0.05,"140,417,060.57","1,390,681.00",100.97,USD
HWM,HOWMET AEROSPACE INC,Industrials,"139,107,024.96",0.05,"139,107,024.96","3,287,028.00",42.32,USD
PKI,PERKINELMER INC,Health Care,"138,825,512.19",0.05,"138,825,512.19","1,126,739.00",123.21,USD
NVR,NVR INC,Consumer Discretionary,"138,453,056.28",0.05,"138,453,056.28","26,796.00","5,166.93",USD
J,JACOBS SOLUTIONS INC,Industrials,"138,257,438.24",0.05,"138,257,438.24","1,139,234.00",121.36,USD
FLT,FLEETCOR TECHNOLOGIES INC,Information Technology,"138,100,066.36",0.05,"138,100,066.36","657,682.00",209.98,USD
ZBRA,ZEBRA TECHNOLOGIES CORP CLASS A,Information Technology,"136,514,929.43",0.05,"136,514,929.43","460,841.00",296.23,USD
IRM,IRON MOUNTAIN INC,Real Estate,"136,456,474.70",0.05,"136,456,474.70","2,595,710.00",52.57,USD
TXT,TEXTRON INC,Industrials,"136,195,091.24",0.05,"136,195,091.24","1,864,154.00",73.06,USD
JBHT,JB HUNT TRANSPORT SERVICES INC,Industrials,"136,100,122.62",0.05,"136,100,122.62","739,554.00",184.03,USD
ETSY,ETSY INC,Consumer Discretionary,"135,325,260.00",0.05,"135,325,260.00","1,122,100.00",120.60,USD
GRMN,GARMIN LTD,Consumer Discretionary,"134,699,830.02",0.05,"134,699,830.02","1,369,179.00",98.38,USD
RE,EVEREST RE GROUP LTD,Financials,"133,153,037.76",0.04,"133,153,037.76","349,373.00",381.12,USD
AVY,AVERY DENNISON CORP,Materials,"131,471,276.82",0.04,"131,471,276.82","722,886.00",181.87,USD
ESS,ESSEX PROPERTY TRUST REIT INC,Real Estate,"131,387,168.34",0.04,"131,387,168.34","577,323.00",227.58,USD
LKQ,LKQ CORP,Consumer Discretionary,"130,003,952.00",0.04,"130,003,952.00","2,263,300.00",57.44,USD
LW,LAMB WESTON HOLDINGS INC,Consumer Staples,"129,761,921.70",0.04,"129,761,921.70","1,284,390.00",101.03,USD
PAYC,PAYCOM SOFTWARE INC,Information Technology,"127,663,962.48",0.04,"127,663,962.48","434,054.00",294.12,USD
INCY,INCYTE CORP,Health Care,"126,319,700.87",0.04,"126,319,700.87","1,648,867.00",76.61,USD
NTAP,NETAPP INC,Information Technology,"125,732,754.63",0.04,"125,732,754.63","1,941,219.00",64.77,USD
IPG,INTERPUBLIC GROUP OF COMPANIES INC,Communication,"124,573,904.05",0.04,"124,573,904.05","3,465,199.00",35.95,USD
POOL,POOL CORP,Consumer Discretionary,"124,123,003.48",0.04,"124,123,003.48","348,572.00",356.09,USD
EVRG,EVERGY INC,Utilities,"123,176,848.73",0.04,"123,176,848.73","2,046,467.00",60.19,USD
MGM,MGM RESORTS INTERNATIONAL,Consumer Discretionary,"121,872,602.88",0.04,"121,872,602.88","2,844,832.00",42.84,USD
CBOE,CBOE GLOBAL MARKETS INC,Financials,"121,634,006.52",0.04,"121,634,006.52","953,394.00",127.58,USD
VTRS,VIATRIS INC,Health Care,"121,284,878.40",0.04,"121,284,878.40","10,829,007.00",11.20,USD
WRB,WR BERKLEY CORP,Financials,"120,810,210.50",0.04,"120,810,210.50","1,822,450.00",66.29,USD
TYL,TYLER TECHNOLOGIES INC,Information Technology,"120,541,429.12",0.04,"120,541,429.12","371,308.00",324.64,USD
PTC,PTC INC,Information Technology,"119,076,524.10",0.04,"119,076,524.10","942,807.00",126.30,USD
LDOS,LEIDOS HOLDINGS INC,Industrials,"118,819,544.63",0.04,"118,819,544.63","1,218,787.00",97.49,USD
UDR,UDR REIT INC,Real Estate,"117,526,672.20",0.04,"117,526,672.20","2,729,370.00",43.06,USD
BRO,BROWN & BROWN INC,Financials,"117,411,354.80",0.04,"117,411,354.80","2,098,130.00",55.96,USD
SNA,SNAP ON INC,Industrials,"116,994,804.35",0.04,"116,994,804.35","473,951.00",246.85,USD
PEAK,HEALTHPEAK PROPERTIES,Real Estate,"116,760,691.86",0.04,"116,760,691.86","4,799,042.00",24.33,USD
IP,INTERNATIONAL PAPER,Materials,"116,028,540.96",0.04,"116,028,540.96","3,171,912.00",36.58,USD
HRL,HORMEL FOODS CORP,Consumer Staples,"115,641,568.00",0.04,"115,641,568.00","2,581,285.00",44.80,USD
LNT,ALLIANT ENERGY CORP,Utilities,"115,179,418.72",0.04,"115,179,418.72","2,238,232.00",51.46,USD
MKTX,MARKETAXESS HOLDINGS INC,Financials,"114,888,416.16",0.04,"114,888,416.16","335,568.00",342.37,USD
KIM,KIMCO REALTY REIT CORP,Real Estate,"113,919,148.82",0.04,"113,919,148.82","5,522,014.00",20.63,USD
TRMB,TRIMBLE INC,Information Technology,"113,785,710.54",0.04,"113,785,710.54","2,202,162.00",51.67,USD
PKG,PACKAGING CORP OF AMERICA,Materials,"112,969,076.25",0.04,"112,969,076.25","825,375.00",136.87,USD
APA,APA CORP,Energy,"112,470,330.81",0.04,"112,470,330.81","2,866,947.00",39.23,USD
SWK,STANLEY BLACK & DECKER INC,Industrials,"111,751,764.41",0.04,"111,751,764.41","1,321,099.00",84.59,USD
STX,SEAGATE TECHNOLOGY HOLDINGS PLC,Information Technology,"110,100,342.00",0.04,"110,100,342.00","1,713,624.00",64.25,USD
EQT,EQT CORP,Energy,"109,765,182.73",0.04,"109,765,182.73","3,273,641.00",33.53,USD
PHM,PULTEGROUP INC,Consumer Discretionary,"109,135,422.90",0.04,"109,135,422.90","2,032,317.00",53.70,USD
CPT,CAMDEN PROPERTY TRUST REIT,Real Estate,"109,102,509.26",0.04,"109,102,509.26","950,122.00",114.83,USD
WDC,WESTERN DIGITAL CORP,Information Technology,"109,103,451.20",0.04,"109,103,451.20","2,833,120.00",38.51,USD
HST,HOST HOTELS & RESORTS REIT INC,Real Estate,"108,932,140.80",0.04,"108,932,140.80","6,377,760.00",17.08,USD
CTLT,CATALENT INC,Health Care,"107,998,265.64",0.04,"107,998,265.64","1,606,161.00",67.24,USD
JKHY,JACK HENRY AND ASSOCIATES INC,Information Technology,"107,909,382.75",0.04,"107,909,382.75","651,037.00",165.75,USD
L,LOEWS CORP,Financials,"107,111,407.20",0.04,"107,111,407.20","1,758,808.00",60.90,USD
BFB,BROWN FORMAN CORP CLASS B,Consumer Staples,"106,539,399.12",0.04,"106,539,399.12","1,633,038.00",65.24,USD
CHRW,CH ROBINSON WORLDWIDE INC,Industrials,"106,069,585.60",0.04,"106,069,585.60","1,050,610.00",100.96,USD
NDSN,NORDSON CORP,Industrials,"105,666,319.44",0.04,"105,666,319.44","479,996.00",220.14,USD
MAS,MASCO CORP,Industrials,"105,498,477.36",0.04,"105,498,477.36","2,011,794.00",52.44,USD
BWA,BORGWARNER INC,Consumer Discretionary,"104,827,377.60",0.04,"104,827,377.60","2,089,860.00",50.16,USD
CE,CELANESE CORP,Materials,"104,571,936.42",0.04,"104,571,936.42","890,277.00",117.46,USD
GEN,GEN DIGITAL INC,Information Technology,"103,429,579.34",0.03,"103,429,579.34","5,174,066.00",19.99,USD
MTCH,MATCH GROUP INC,Communication,"103,153,884.72",0.03,"103,153,884.72","2,492,844.00",41.38,USD
AKAM,AKAMAI TECHNOLOGIES INC,Information Technology,"102,775,982.40",0.03,"102,775,982.40","1,402,128.00",73.30,USD
TECH,BIO TECHNE CORP,Health Care,"101,732,085.68",0.03,"101,732,085.68","1,399,726.00",72.68,USD
CRL,CHARLES RIVER LABORATORIES INTERNA,Health Care,"100,666,002.36",0.03,"100,666,002.36","454,146.00",221.66,USD
TFX,TELEFLEX INC,Health Care,"99,956,604.43",0.03,"99,956,604.43","418,351.00",238.93,USD
CDAY,CERIDIAN HCM HOLDING INC,Information Technology,"99,879,548.12",0.03,"99,879,548.12","1,370,842.00",72.86,USD
NI,NISOURCE INC,Utilities,"99,645,367.14",0.03,"99,645,367.14","3,624,786.00",27.49,USD
PARA,PARAMOUNT GLOBAL CLASS B,Communication,"99,449,754.34",0.03,"99,449,754.34","4,502,026.00",22.09,USD
GL,GLOBE LIFE INC,Financials,"97,522,378.70",0.03,"97,522,378.70","806,570.00",120.91,USD
CCL,CARNIVAL CORP,Consumer Discretionary,"96,799,038.18",0.03,"96,799,038.18","8,938,046.00",10.83,USD
WYNN,WYNN RESORTS LTD,Consumer Discretionary,"96,768,542.92",0.03,"96,768,542.92","920,378.00",105.14,USD
CZR,CAESARS ENTERTAINMENT INC,Consumer Discretionary,"96,653,280.08",0.03,"96,653,280.08","1,915,064.00",50.47,USD
FOXA,FOX CORP CLASS A,Communication,"96,322,298.88",0.03,"96,322,298.88","2,699,616.00",35.68,USD
CPB,CAMPBELL SOUP,Consumer Staples,"95,096,911.36",0.03,"95,096,911.36","1,790,228.00",53.12,USD
KMX,CARMAX INC,Consumer Discretionary,"94,727,612.91",0.03,"94,727,612.91","1,411,107.00",67.13,USD
HSIC,HENRY SCHEIN INC,Health Care,"94,705,817.64",0.03,"94,705,817.64","1,208,599.00",78.36,USD
DPZ,DOMINOS PIZZA INC,Consumer Discretionary,"93,344,285.61",0.03,"93,344,285.61","315,747.00",295.63,USD
TPR,TAPESTRY INC,Consumer Discretionary,"92,885,320.99",0.03,"92,885,320.99","2,150,621.00",43.19,USD
BIO,BIO RAD LABORATORIES INC CLASS A,Health Care,"92,813,280.00",0.03,"92,813,280.00","192,160.00",483.00,USD
LYV,LIVE NATION ENTERTAINMENT INC,Communication,"91,576,785.30",0.03,"91,576,785.30","1,274,910.00",71.83,USD
EMN,EASTMAN CHEMICAL,Materials,"90,866,034.70",0.03,"90,866,034.70","1,070,902.00",84.85,USD
AAL,AMERICAN AIRLINES GROUP INC,Industrials,"90,546,434.34",0.03,"90,546,434.34","5,793,118.00",15.63,USD
QRVO,QORVO INC,Information Technology,"90,514,046.07",0.03,"90,514,046.07","904,869.00",100.03,USD
TAP,MOLSON COORS BREWING CLASS B,Consumer Staples,"90,190,081.25",0.03,"90,190,081.25","1,677,955.00",53.75,USD
JNPR,JUNIPER NETWORKS INC,Information Technology,"89,508,431.70",0.03,"89,508,431.70","2,896,713.00",30.90,USD
ALLE,ALLEGION PLC,Industrials,"88,582,734.00",0.03,"88,582,734.00","783,918.00",113.00,USD
REG,REGENCY CENTERS REIT CORP,Real Estate,"86,694,634.46",0.03,"86,694,634.46","1,374,578.00",63.07,USD
BBWI,BATH AND BODY WORKS INC,Consumer Discretionary,"84,447,970.47",0.03,"84,447,970.47","2,038,329.00",41.43,USD
BXP,BOSTON PROPERTIES REIT INC,Real Estate,"84,106,006.56",0.03,"84,106,006.56","1,273,176.00",66.06,USD
UHS,UNIVERSAL HEALTH SERVICES INC CLAS,Health Care,"83,629,513.92",0.03,"83,629,513.92","572,648.00",146.04,USD
CMA,COMERICA INC,Financials,"81,862,541.88",0.03,"81,862,541.88","1,168,797.00",70.04,USD
PNR,PENTAIR,Industrials,"81,602,889.48",0.03,"81,602,889.48","1,468,206.00",55.58,USD
HII,HUNTINGTON INGALLS INDUSTRIES INC,Industrials,"77,416,626.30",0.03,"77,416,626.30","356,135.00",217.38,USD
RHI,ROBERT HALF,Industrials,"77,158,685.76",0.03,"77,158,685.76","968,357.00",79.68,USD
AAP,ADVANCE AUTO PARTS INC,Consumer Discretionary,"75,533,498.04",0.03,"75,533,498.04","537,108.00",140.63,USD
FFIV,F5 INC,Information Technology,"75,161,944.22",0.03,"75,161,944.22","534,238.00",140.69,USD
PNW,PINNACLE WEST CORP,Utilities,"74,845,245.31",0.03,"74,845,245.31","1,009,921.00",74.11,USD
BEN,FRANKLIN RESOURCES INC,Financials,"74,714,996.30",0.03,"74,714,996.30","2,535,290.00",29.47,USD
AOS,A O SMITH CORP,Industrials,"73,969,217.16",0.02,"73,969,217.16","1,132,413.00",65.32,USD
ROL,ROLLINS INC,Industrials,"72,519,408.00",0.02,"72,519,408.00","2,066,080.00",35.10,USD
WRK,WESTROCK,Materials,"71,815,934.12",0.02,"71,815,934.12","2,269,783.00",31.64,USD
VFC,VF CORP,Consumer Discretionary,"71,600,366.08",0.02,"71,600,366.08","2,944,094.00",24.32,USD
IVZ,INVESCO LTD,Financials,"70,918,207.16",0.02,"70,918,207.16","4,059,428.00",17.47,USD
FRT,FEDERAL REALTY INVESTMENT TRUST RE,Real Estate,"69,619,645.76",0.02,"69,619,645.76","652,358.00",106.72,USD
NRG,NRG ENERGY INC,Utilities,"67,916,394.52",0.02,"67,916,394.52","2,056,826.00",33.02,USD
GNRC,GENERAC HOLDINGS INC,Industrials,"67,781,192.85",0.02,"67,781,192.85","566,685.00",119.61,USD
WHR,WHIRLPOOL CORP,Consumer Discretionary,"67,580,554.94",0.02,"67,580,554.94","486,401.00",138.94,USD
ZION,ZIONS BANCORPORATION,Financials,"67,360,243.42",0.02,"67,360,243.42","1,336,778.00",50.39,USD
XRAY,DENTSPLY SIRONA INC,Health Care,"66,315,788.25",0.02,"66,315,788.25","1,919,415.00",34.55,USD
HAS,HASBRO INC,Consumer Discretionary,"64,095,153.66",0.02,"64,095,153.66","1,159,254.00",55.29,USD
SBNY,SIGNATURE BANK,Financials,"63,914,557.90",0.02,"63,914,557.90","561,590.00",113.81,USD
SEE,SEALED AIR CORP,Materials,"63,864,157.50",0.02,"63,864,157.50","1,290,185.00",49.50,USD
NCLH,NORWEGIAN CRUISE LINE HOLDINGS LTD,Consumer Discretionary,"62,099,218.50",0.02,"62,099,218.50","3,763,589.00",16.50,USD
AIZ,ASSURANT INC,Financials,"60,751,611.52",0.02,"60,751,611.52","477,007.00",127.36,USD
NWSA,NEWS CORP CLASS A,Communication,"58,966,929.78",0.02,"58,966,929.78","3,414,414.00",17.27,USD
DXC,DXC TECHNOLOGY,Information Technology,"57,425,897.22",0.02,"57,425,897.22","2,049,461.00",28.02,USD
OGN,ORGANON,Health Care,"56,984,934.89",0.02,"56,984,934.89","2,271,221.00",25.09,USD
ALK,ALASKA AIR GROUP INC,Industrials,"54,297,816.56",0.02,"54,297,816.56","1,133,093.00",47.92,USD
MHK,MOHAWK INDUSTRIES INC,Consumer Discretionary,"48,454,221.40",0.02,"48,454,221.40","470,795.00",102.92,USD
NWL,NEWELL BRANDS INC,Consumer Discretionary,"48,387,492.44",0.02,"48,387,492.44","3,355,582.00",14.42,USD
UBFUT,CASH COLLATERAL USD UBFUT,Cash and/or Derivatives,"47,613,800.00",0.02,"47,613,800.00","47,613,800.00",100.00,USD
RL,RALPH LAUREN CORP CLASS A,Consumer Discretionary,"43,583,096.70",0.01,"43,583,096.70","365,937.00",119.10,USD
LNC,LINCOLN NATIONAL CORP,Financials,"43,034,709.30",0.01,"43,034,709.30","1,372,718.00",31.35,USD
FOX,FOX CORP CLASS B,Communication,"40,747,698.45",0.01,"40,747,698.45","1,240,417.00",32.85,USD
DVA,DAVITA INC,Health Care,"40,528,890.12",0.01,"40,528,890.12","489,243.00",82.84,USD
LUMN,LUMEN TECHNOLOGIES INC,Communication,"28,809,672.20",0.01,"28,809,672.20","8,473,433.00",3.40,USD
DISH,DISH NETWORK CORP CLASS A,Communication,"27,297,341.40",0.01,"27,297,341.40","2,237,487.00",12.20,USD
NWS,NEWS CORP CLASS B,Communication,"18,516,858.10",0.01,"18,516,858.10","1,061,138.00",17.45,USD
